datetime,open,high,low,close,volume,timestamp
2023-12-13,41492.38,43475.2,40555.0,42869.03,45865.99773,1702425600000
2023-12-14,42869.03,43420.0,41400.0,43022.26,42047.05709,1702512000000
2023-12-15,43022.26,43080.81,41666.0,41940.3,33421.7932,1702598400000
2023-12-16,41940.29,42724.43,41605.0,42278.03,24118.85747,1702684800000
2023-12-17,42278.02,42424.07,41252.0,41374.65,27722.11452,1702771200000
2023-12-18,41374.64,42757.81,40542.93,42657.8,46734.0925,1702857600000
2023-12-19,42657.8,43497.0,41811.1,42275.99,40927.86444,1702944000000
2023-12-20,42275.99,44283.0,42206.0,43668.93,48710.2947,1703030400000
2023-12-21,43668.92,44242.35,43286.72,43861.8,34624.29384,1703116800000
2023-12-22,43861.79,44398.26,43412.54,43969.04,32783.19638,1703203200000
2023-12-23,43969.04,43988.68,43291.1,43702.16,16557.1293,1703289600000
2023-12-24,43702.15,43946.0,42500.0,42991.5,25144.33496,1703376000000
2023-12-25,42991.5,43802.32,42720.43,43576.13,27021.23992,1703462400000
2023-12-26,43576.12,43592.68,41637.6,42508.93,41010.04282,1703548800000
2023-12-27,42508.93,43677.0,42098.69,43428.85,36191.21136,1703635200000
2023-12-28,43428.86,43787.57,42241.79,42563.76,35150.52485,1703721600000
2023-12-29,42563.76,43111.0,41300.0,42066.95,42597.18912,1703808000000
2023-12-30,42066.94,42612.32,41520.3,42140.28,22906.57818,1703894400000
2023-12-31,42140.29,42899.0,41965.84,42283.58,23585.91603,1703980800000
2024-01-01,42283.58,44184.1,42180.77,44179.55,27174.29903,1704067200000
2024-01-02,44179.55,45879.63,44148.34,44946.91,65146.40661,1704153600000
2024-01-03,44946.91,45500.0,40750.0,42845.23,81194.55173,1704240000000
2024-01-04,42845.23,44729.58,42613.77,44151.1,48038.06334,1704326400000
2024-01-05,44151.1,44357.46,42450.0,44145.11,48075.25327,1704412800000
2024-01-06,44145.12,44214.42,43397.05,43968.32,17835.06144,1704499200000
2024-01-07,43968.32,44480.59,43572.09,43929.02,23023.8508,1704585600000
2024-01-08,43929.01,47248.99,43175.0,46951.04,72814.57589,1704672000000
2024-01-09,46951.04,47972.0,44748.67,46110.0,69927.66617,1704758400000
2024-01-10,46110.0,47695.93,44300.36,46653.99,89911.41203,1704844800000
2024-01-11,46654.0,48969.48,45606.06,46339.16,87470.3296,1704931200000
2024-01-12,46339.16,46515.53,41500.0,42782.73,86327.93707,1705017600000
2024-01-13,42782.74,43257.0,42436.12,42847.99,36118.47464,1705104000000
2024-01-14,42847.99,43079.0,41720.0,41732.35,28228.40894,1705190400000
2024-01-15,41732.35,43400.43,41718.05,42511.1,40269.89303,1705276800000
2024-01-16,42511.1,43578.01,42050.0,43137.95,45045.74589,1705363200000
2024-01-17,43137.94,43198.0,42200.69,42776.1,33266.21388,1705449600000
2024-01-18,42776.09,42930.0,40683.28,41327.5,43907.51641,1705536000000
2024-01-19,41327.51,42196.86,40280.0,41659.03,48342.74559,1705622400000
2024-01-20,41659.03,41872.56,41456.3,41696.04,15923.99493,1705708800000
2024-01-21,41696.05,41881.39,41500.98,41580.33,11730.16301,1705795200000
2024-01-22,41580.32,41689.65,39431.58,39568.02,55426.19911,1705881600000
2024-01-23,39568.02,40176.74,38555.0,39897.6,57956.63351,1705968000000
2024-01-24,39897.59,40555.0,39484.19,40084.88,39293.82861,1706054400000
2024-01-25,40084.89,40300.24,39550.0,39961.09,31022.11853,1706140800000
2024-01-26,39961.09,42246.82,39822.52,41823.51,47384.96726,1706227200000
2024-01-27,41823.51,42200.0,41394.34,42120.63,16224.41667,1706313600000
2024-01-28,42120.63,42842.68,41620.81,42031.06,27294.99838,1706400000000
2024-01-29,42031.05,43333.0,41804.88,43302.7,31542.74207,1706486400000
2024-01-30,43302.71,43882.36,42683.99,42941.1,37619.24546,1706572800000
2024-01-31,42941.1,43745.11,42276.84,42580.0,39871.13688,1706659200000
2024-02-01,42580.0,43285.13,41884.28,43082.94,35231.04664,1706745600000
2024-02-02,43082.95,43488.0,42546.79,43200.0,29672.14418,1706832000000
2024-02-03,43199.99,43380.01,42880.0,43011.09,12033.40998,1706918400000
2024-02-04,43011.1,43119.04,42222.0,42582.88,17066.89404,1707004800000
2024-02-05,42582.88,43569.76,42258.1,42708.7,29467.75905,1707091200000
2024-02-06,42708.7,43399.98,42574.0,43098.95,24675.85433,1707177600000
2024-02-07,43098.96,44396.5,42788.0,44349.6,34392.59915,1707264000000
2024-02-08,44349.6,45614.3,44331.1,45288.65,45439.62231,1707350400000
2024-02-09,45288.66,48200.0,45242.12,47132.77,73503.481,1707436800000
2024-02-10,47132.78,48170.0,46800.0,47751.09,24802.35936,1707523200000
2024-02-11,47751.08,48592.66,47557.16,48299.99,29958.80837,1707609600000
2024-02-12,48300.0,50334.82,47710.01,49917.27,59009.96705,1707696000000
2024-02-13,49917.28,50368.61,48300.95,49699.59,55551.56706,1707782400000
2024-02-14,49699.6,52043.71,49225.01,51795.17,57046.37401,1707868800000
2024-02-15,51795.17,52816.62,51314.0,51880.0,53816.03055,1707955200000
2024-02-16,51880.01,52572.08,51566.0,52124.11,37772.25318,1708041600000
2024-02-17,52124.1,52162.82,50625.0,51642.64,25674.00622,1708128000000
2024-02-18,51642.64,52377.0,51163.28,52137.67,21992.10363,1708214400000
2024-02-19,52137.68,52488.77,51677.0,51774.73,29534.99432,1708300800000
2024-02-20,51774.74,52985.0,50760.37,52258.82,49614.47318,1708387200000
2024-02-21,52258.82,52366.8,50625.0,51849.39,43079.40049,1708473600000
2024-02-22,51849.38,52065.78,50940.78,51288.42,35309.44574,1708560000000
2024-02-23,51288.42,51548.54,50521.0,50744.15,30545.79544,1708646400000
2024-02-24,50744.15,51698.0,50585.0,51568.22,16560.4211,1708732800000
2024-02-25,51568.21,51958.55,51279.8,51728.85,18721.63159,1708819200000
2024-02-26,51728.85,54910.0,50901.44,54476.47,51256.72199,1708905600000
2024-02-27,54476.48,57588.15,54450.13,57037.34,67194.98562,1708992000000
2024-02-28,57037.35,64000.0,56691.85,62432.1,118763.46984,1709078400000
2024-02-29,62432.11,63676.35,60364.7,61130.98,78425.07603,1709164800000
2024-03-01,61130.99,63114.23,60777.0,62387.9,47737.93473,1709251200000
2024-03-02,62387.9,62433.19,61561.12,61987.28,25534.73659,1709337600000
2024-03-03,61987.28,63231.88,61320.0,63113.97,28994.90903,1709424000000
2024-03-04,63113.97,68499.0,62300.0,68245.71,84835.16005,1709510400000
2024-03-05,68245.71,69000.0,59005.0,63724.01,132696.7813,1709596800000
2024-03-06,63724.01,67641.1,62779.14,66074.04,78738.85491,1709683200000
2024-03-07,66074.04,67980.0,65551.0,66823.17,53059.8869,1709769600000
2024-03-08,66823.18,69990.0,66082.66,68124.19,74261.932842,1709856000000
2024-03-09,68124.2,68541.1,67861.1,68313.27,19872.89743,1709942400000
2024-03-10,68313.28,69887.61,68094.75,68955.88,38404.66835,1710028800000
2024-03-11,68955.88,72800.0,67024.96,72078.1,75292.825726,1710115200000
2024-03-12,72078.1,73000.0,68620.82,71452.01,68783.546691,1710201600000
2024-03-13,71452.0,73650.25,71333.31,73072.41,52659.711647,1710288000000
2024-03-14,73072.4,73777.0,68555.0,71388.94,71757.628746,1710374400000
2024-03-15,71388.94,72419.71,65600.0,69499.85,103334.03546,1710460800000
2024-03-16,69499.84,70043.0,64780.0,65300.63,55926.95336,1710547200000
2024-03-17,65300.64,68904.4,64533.0,68393.48,49742.21589,1710633600000
2024-03-18,68393.47,68956.0,66565.2,67609.99,55691.08088,1710720000000
2024-03-19,67610.0,68124.11,61555.0,61937.4,101005.32487,1710806400000
2024-03-20,61937.41,68100.0,60775.0,67840.51,90420.58592,1710892800000
2024-03-21,67840.51,68240.47,64529.01,65501.27,53357.48002,1710979200000
2024-03-22,65501.28,66649.62,62260.0,63796.64,51482.37821,1711065600000
2024-03-23,63796.64,65999.0,63000.0,63990.01,26410.11409,1711152000000
2024-03-24,63990.02,67628.69,63772.29,67209.99,31395.78015,1711238400000
2024-03-25,67210.0,71150.0,66385.06,69880.01,53431.14486,1711324800000
2024-03-26,69880.0,71561.1,69280.0,69988.0,38934.38417,1711411200000
2024-03-27,69987.99,71769.54,68359.18,69469.99,49119.35685,1711497600000
2024-03-28,69469.99,71552.06,68903.62,70780.6,35439.03239,1711584000000
2024-03-29,70780.6,70916.16,69009.0,69850.54,25445.08353,1711670400000
2024-03-30,69850.53,70321.1,69540.0,69582.18,13644.61142,1711756800000
2024-03-31,69582.17,71366.0,69562.99,71280.01,19396.34433,1711843200000
2024-04-01,71280.0,71288.23,68062.86,69649.8,41445.32039,1711929600000
2024-04-02,69649.81,69674.23,64550.0,65463.99,71799.82793,1712016000000
2024-04-03,65463.99,66903.63,64493.07,65963.28,39887.21778,1712102400000
2024-04-04,65963.27,69309.91,65064.52,68487.79,41510.48453,1712188800000
2024-04-05,68487.8,68756.67,65952.56,67820.62,37915.23073,1712275200000
2024-04-06,67820.63,69692.0,67447.83,68896.0,20134.28919,1712361600000
2024-04-07,68896.0,70326.29,68824.0,69360.39,21534.74433,1712448000000
2024-04-08,69360.38,72797.99,69043.24,71620.0,45723.87624,1712534400000
2024-04-09,71620.0,71758.19,68210.0,69146.0,39293.90242,1712620800000
2024-04-10,69146.0,71172.08,67518.0,70631.08,42006.02377,1712707200000
2024-04-11,70631.08,71305.89,69567.21,70006.23,31917.25595,1712793600000
2024-04-12,70006.22,71227.46,65086.86,67116.52,56072.86229,1712880000000
2024-04-13,67116.52,67929.0,60660.57,63924.51,71395.22019,1712966400000
2024-04-14,63924.52,65840.0,62134.0,65661.84,61599.17818,1713052800000
2024-04-15,65661.85,66867.07,62274.4,63419.99,52389.53069,1713139200000
2024-04-16,63419.99,64365.0,61600.0,63793.39,53435.29331,1713225600000
2024-04-17,63793.4,64499.0,59678.16,61277.37,50610.54509,1713312000000
2024-04-18,61277.38,64117.09,60803.35,63470.08,43601.60918,1713398400000
2024-04-19,63470.09,65450.0,59600.01,63818.01,69774.30271,1713484800000
2024-04-20,63818.01,65419.0,63090.07,64940.59,23137.42975,1713571200000
2024-04-21,64940.58,65695.56,64237.5,64941.15,19316.42152,1713657600000
2024-04-22,64941.15,67232.35,64500.0,66819.32,31397.99371,1713744000000
2024-04-23,66819.32,67183.01,65765.81,66414.0,22599.90004,1713830400000
2024-04-24,66414.0,67070.43,63606.06,64289.59,33595.69637,1713916800000
2024-04-25,64289.58,65297.94,62794.0,64498.34,31341.46338,1714003200000
2024-04-26,64498.33,64820.01,63297.48,63770.01,27085.19346,1714089600000
2024-04-27,63770.0,63923.41,62391.24,63461.98,20933.06052,1714176000000
2024-04-28,63461.98,64370.0,62781.0,63118.62,16949.20005,1714262400000
2024-04-29,63118.62,64228.35,61765.53,63866.0,28150.22947,1714348800000
2024-04-30,63866.0,64734.0,59191.6,60672.0,54947.65535,1714435200000
2024-05-01,60672.01,60841.63,56552.82,58364.97,81166.46823,1714521600000
2024-05-02,58364.97,59625.0,56911.84,59060.61,47583.81961,1714608000000
2024-05-03,59060.6,63333.0,58811.32,62882.01,43628.40143,1714694400000
2024-05-04,62882.01,64540.0,62541.03,63892.04,24368.69282,1714780800000
2024-05-05,63892.03,64646.0,62822.17,64012.0,18526.75029,1714867200000
2024-05-06,64012.0,65500.0,62700.0,63165.19,34674.91949,1714953600000
2024-05-07,63165.18,64422.41,62261.0,62312.08,25598.79472,1715040000000
2024-05-08,62312.07,63020.22,60888.0,61193.03,26121.19004,1715126400000
2024-05-09,61193.03,63429.03,60630.0,63074.01,30660.8061,1715212800000
2024-05-10,63074.0,63469.13,60187.12,60799.99,36529.34025,1715299200000
2024-05-11,60799.99,61515.0,60487.09,60825.99,13374.56936,1715385600000
2024-05-12,60825.99,61888.0,60610.0,61483.99,12753.13236,1715472000000
2024-05-13,61484.0,63450.0,60749.21,62940.08,32733.41839,1715558400000
2024-05-14,62940.09,63118.36,61142.77,61577.49,29088.72041,1715644800000
2024-05-15,61577.49,66444.16,61319.47,66206.5,43559.74719,1715731200000
2024-05-16,66206.51,66752.01,64602.77,65235.21,31106.3671,1715817600000
2024-05-17,65235.21,67451.2,65106.38,67024.0,26292.23409,1715904000000
2024-05-18,67024.0,67400.01,66600.0,66915.2,14441.25774,1715990400000
2024-05-19,66915.2,67700.0,65857.25,66274.01,18025.30409,1716076800000
2024-05-20,66274.0,71515.56,66060.31,71446.62,50816.7011,1716163200000
2024-05-21,71446.62,71979.0,69162.94,70148.34,49607.4336,1716249600000
2024-05-22,70148.34,70666.0,68842.19,69166.62,27673.18026,1716336000000
2024-05-23,69166.62,70096.12,66312.16,67969.65,40513.17374,1716422400000
2024-05-24,67969.66,69250.0,66600.12,68549.99,28095.83664,1716508800000
2024-05-25,68549.99,69610.0,68500.0,69290.57,12130.39418,1716595200000
2024-05-26,69290.56,69562.23,68128.01,68507.67,11872.11797,1716681600000
2024-05-27,68507.67,70687.56,68250.0,69436.43,23136.92737,1716768000000
2024-05-28,69436.43,69591.81,67277.91,68398.39,32622.97042,1716854400000
2024-05-29,68398.4,68935.68,67124.65,67652.42,23159.83149,1716940800000
2024-05-30,67652.41,69500.0,67128.0,68352.17,28478.2184,1717027200000
2024-05-31,68352.17,69044.1,66670.0,67540.01,26690.32184,1717113600000
2024-06-01,67540.01,67900.0,67428.44,67766.85,8837.66133,1717200000000
2024-06-02,67766.84,68460.0,67257.47,67765.63,15426.32529,1717286400000
2024-06-03,67765.62,70288.0,67612.48,68809.9,29633.374,1717372800000
2024-06-04,68809.89,71063.45,68567.32,70537.84,29619.78489,1717459200000
2024-06-05,70537.83,71758.0,70383.66,71108.0,28703.18082,1717545600000
2024-06-06,71108.0,71700.0,70117.64,70799.06,21842.00449,1717632000000
2024-06-07,70799.06,71997.02,68420.0,69355.6,35598.45045,1717718400000
2024-06-08,69355.6,69582.2,69168.02,69310.46,9773.82967,1717804800000
2024-06-09,69310.46,69857.14,69130.24,69648.14,9890.56709,1717891200000
2024-06-10,69648.15,70195.94,69172.29,69540.0,17122.66941,1717977600000
2024-06-11,69540.0,69590.01,66051.0,67314.24,41436.01588,1718064000000
2024-06-12,67314.23,69999.0,66905.0,68263.99,37175.32356,1718150400000
2024-06-13,68263.98,68449.3,66251.78,66773.01,29079.55571,1718236800000
2024-06-14,66773.01,67370.24,65078.0,66043.99,28408.18797,1718323200000
2024-06-15,66043.99,66478.48,65857.1,66228.25,11451.80242,1718409600000
2024-06-16,66228.25,66998.7,66034.5,66676.87,9392.52223,1718496000000
2024-06-17,66676.86,67298.81,65130.0,66504.33,27386.16851,1718582400000
2024-06-18,66504.33,66588.23,64060.0,65175.32,42350.10244,1718668800000
2024-06-19,65175.32,65727.54,64666.0,64974.37,20060.79576,1718755200000
2024-06-20,64974.37,66482.94,64559.15,64869.99,24265.29031,1718841600000
2024-06-21,64869.99,65066.66,63379.35,64143.56,25993.56442,1718928000000
2024-06-22,64143.56,64546.81,63943.82,64262.01,7308.95542,1719014400000
2024-06-23,64262.01,64521.0,63178.32,63210.01,8224.45447,1719100800000
2024-06-24,63210.01,63369.8,58402.0,60293.3,52161.35414,1719187200000
2024-06-25,60293.3,62420.0,60257.06,61806.01,31189.24361,1719273600000
2024-06-26,61806.01,62487.81,60712.0,60864.99,22485.66463,1719360000000
2024-06-27,60864.98,62389.22,60606.63,61706.47,18344.28631,1719446400000
2024-06-28,61706.46,62225.31,60063.0,60427.84,24821.19255,1719532800000
2024-06-29,60427.84,61224.0,60383.77,60986.68,11509.55904,1719619200000
2024-06-30,60986.68,63058.76,60712.21,62772.01,17326.30136,1719705600000
2024-07-01,62772.01,63861.76,62497.2,62899.99,24547.10538,1719792000000
2024-07-02,62900.0,63288.83,61806.28,62135.47,18573.11875,1719878400000
2024-07-03,62135.46,62285.94,59400.0,60208.58,32160.11127,1719964800000
2024-07-04,60208.57,60498.19,56771.0,57050.01,54568.77276,1720051200000
2024-07-05,57050.02,57546.0,53485.93,56628.79,81348.24756,1720137600000
2024-07-06,56628.79,58475.0,56018.0,58230.13,21651.31558,1720224000000
2024-07-07,58230.13,58449.46,55724.37,55857.81,19118.93918,1720310400000
2024-07-08,55857.81,58236.73,54260.16,56714.62,48090.2049,1720396800000
2024-07-09,56714.61,58296.0,56289.45,58050.0,27732.20788,1720483200000
2024-07-10,58050.0,59470.0,57157.79,57725.85,24951.73799,1720569600000
2024-07-11,57725.85,59650.0,57050.0,57339.89,29761.05735,1720656000000
2024-07-12,57339.89,58526.68,56542.47,57889.1,23652.4569,1720742400000
2024-07-13,57889.09,59850.0,57756.63,59204.02,15357.74519,1720828800000
2024-07-14,59204.01,61420.69,59194.01,60797.91,21178.33907,1720915200000
2024-07-15,60797.91,64900.0,60632.3,64724.14,38690.9782,1721001600000
2024-07-16,64724.06,65388.97,62373.24,65043.99,42530.52915,1721088000000
2024-07-17,65044.0,66128.63,63854.0,64087.99,29567.52954,1721174400000
2024-07-18,64087.99,65133.3,63238.48,63987.92,22568.7225,1721260800000
2024-07-19,63987.92,67386.0,63300.67,66660.0,35634.72739,1721347200000
2024-07-20,66660.01,67598.0,66222.46,67139.96,14386.92434,1721433600000
2024-07-21,67139.97,68366.66,65777.0,68165.34,21819.11191,1721520000000
2024-07-22,68165.35,68474.55,66559.97,67532.01,21451.04303,1721606400000
2024-07-23,67532.0,67750.98,65441.08,65936.01,31406.15316,1721692800000
2024-07-24,65936.0,67102.01,65111.0,65376.0,23082.56277,1721779200000
2024-07-25,65376.01,66175.49,63456.7,65799.95,35126.42934,1721865600000
2024-07-26,65799.95,68200.0,65722.63,67907.99,24244.36023,1721952000000
2024-07-27,67908.0,69399.99,66650.0,67896.5,31710.21921,1722038400000
2024-07-28,67896.49,68318.43,67066.66,68249.88,10868.69394,1722124800000
2024-07-29,68249.88,70079.99,66428.0,66784.69,36467.29633,1722211200000
2024-07-30,66784.68,67000.0,65302.67,66188.0,23132.25441,1722297600000
2024-07-31,66188.0,66849.24,64530.0,64628.0,22625.43905,1722384000000
2024-08-01,64628.01,65659.78,62302.0,65354.02,35542.26854,1722470400000
2024-08-02,65354.02,65596.14,61230.01,61498.33,38820.42937,1722556800000
2024-08-03,61498.34,62198.22,59850.0,60697.99,28034.71567,1722643200000
2024-08-04,60697.99,61117.63,57122.77,58161.0,31616.52003,1722729600000
2024-08-05,58161.0,58305.59,49000.0,54018.81,162065.59186,1722816000000
2024-08-06,54018.82,57040.99,53950.0,56022.01,55884.77676,1722902400000
2024-08-07,56022.0,57736.05,54558.62,55134.16,44269.37684,1722988800000
2024-08-08,55133.76,62745.14,54730.0,61685.99,48349.52949,1723075200000
2024-08-09,61686.0,61744.37,59535.0,60837.99,30972.48017,1723161600000
2024-08-10,60837.99,61470.58,60242.0,60923.51,9995.20621,1723248000000
2024-08-11,60923.51,61858.0,58286.73,58712.59,19189.84512,1723334400000
2024-08-12,58712.59,60711.09,57642.21,59346.64,37009.91743,1723420800000
2024-08-13,59346.64,61578.1,58392.88,60587.15,27858.95851,1723507200000
2024-08-14,60587.16,61800.0,58433.18,58683.39,28422.76326,1723593600000
2024-08-15,58683.39,59849.38,56078.54,57541.06,37686.17622,1723680000000
2024-08-16,57541.05,59817.76,57098.62,58874.6,27610.84344,1723766400000
2024-08-17,58874.59,59700.0,58785.05,59491.99,7721.72931,1723852800000
2024-08-18,59491.99,60284.99,58408.92,58427.35,13634.85717,1723939200000
2024-08-19,58427.35,59617.63,57787.3,59438.5,22809.31251,1724025600000
2024-08-20,59438.5,61400.0,58548.23,59013.8,31477.44548,1724112000000
2024-08-21,59013.8,61820.93,58783.47,61156.03,27983.6422,1724198400000
2024-08-22,61156.03,61400.0,59724.87,60375.84,21241.20588,1724284800000
2024-08-23,60375.83,64955.0,60342.14,64037.24,38118.07089,1724371200000
2024-08-24,64037.24,64494.5,63531.0,64157.01,15857.15616,1724457600000
2024-08-25,64157.02,65000.0,63773.27,64220.0,12305.47977,1724544000000
2024-08-26,64219.99,64481.0,62800.0,62834.0,19470.05276,1724630400000
2024-08-27,62834.0,63212.0,58034.01,59415.0,35135.94178,1724716800000
2024-08-28,59415.0,60234.98,57860.0,59034.9,36868.54275,1724803200000
2024-08-29,59034.9,61166.99,58713.09,59359.01,27020.90743,1724889600000
2024-08-30,59359.0,59944.07,57701.1,59123.99,28519.32195,1724976000000
2024-08-31,59123.99,59462.38,58744.0,58973.99,8798.409,1725062400000
2024-09-01,58974.0,59076.59,57201.0,57301.86,20705.15741,1725148800000
2024-09-02,57301.77,59425.69,57128.0,59132.13,22895.01461,1725235200000
2024-09-03,59132.12,59809.65,57415.0,57487.73,22828.18447,1725321600000
2024-09-04,57487.74,58519.0,55606.0,57970.9,35560.82146,1725408000000
2024-09-05,57970.9,58327.07,55643.65,56180.0,27806.91413,1725494400000
2024-09-06,56180.0,57008.0,52550.0,53962.97,54447.76826,1725580800000
2024-09-07,53962.97,54850.0,53745.54,54160.86,16694.04774,1725667200000
2024-09-08,54160.86,55318.0,53629.01,54869.95,16274.14779,1725753600000
2024-09-09,54869.95,58088.0,54591.96,57042.0,32384.51737,1725840000000
2024-09-10,57042.01,58044.36,56386.4,57635.99,23626.78126,1725926400000
2024-09-11,57635.99,57981.71,55545.19,57338.0,33026.56757,1726012800000
2024-09-12,57338.0,58588.0,57324.0,58132.32,31074.40631,1726099200000
2024-09-13,58132.31,60625.0,57632.62,60498.0,29825.23333,1726185600000
2024-09-14,60497.99,60610.45,59400.0,59993.03,12137.90901,1726272000000
2024-09-15,59993.02,60395.8,58691.05,59132.0,13757.92361,1726358400000
2024-09-16,59132.0,59210.7,57493.3,58213.99,26477.5642,1726444800000
2024-09-17,58213.99,61320.0,57610.01,60313.99,33116.25878,1726531200000
2024-09-18,60313.99,61786.24,59174.8,61759.99,36087.02469,1726617600000
2024-09-19,61759.98,63850.0,61555.0,62947.99,34332.52608,1726704000000
2024-09-20,62948.0,64133.32,62350.0,63201.05,25466.37794,1726790400000
2024-09-21,63201.05,63559.9,62758.0,63348.96,8375.34608,1726876800000
2024-09-22,63348.97,64000.0,62357.93,63578.76,14242.19892,1726963200000
2024-09-23,63578.76,64745.88,62538.75,63339.99,24078.05287,1727049600000
2024-09-24,63339.99,64688.0,62700.0,64262.7,23185.04759,1727136000000
2024-09-25,64262.7,64817.99,62947.08,63152.01,17813.11168,1727222400000
2024-09-26,63152.01,65839.0,62670.0,65173.99,28373.30593,1727308800000
2024-09-27,65173.99,66498.0,64819.9,65769.95,22048.80487,1727395200000
2024-09-28,65769.95,66260.0,65422.23,65858.0,9127.23316,1727481600000
2024-09-29,65858.0,66076.12,65432.0,65602.01,8337.74111,1727568000000
2024-09-30,65602.01,65618.8,62856.3,63327.59,30011.08752,1727654400000
2024-10-01,63327.6,64130.63,60164.0,60805.78,43671.48108,1727740800000
2024-10-02,60804.92,62390.31,60000.0,60649.28,31534.70118,1727827200000
2024-10-03,60649.27,61477.19,59828.11,60752.71,26221.43472,1727913600000
2024-10-04,60752.72,62484.85,60459.9,62086.0,21294.65994,1728000000000
2024-10-05,62086.0,62370.56,61689.26,62058.0,7807.46141,1728086400000
2024-10-06,62058.01,62975.0,61798.97,62819.91,8906.86177,1728172800000
2024-10-07,62819.91,64478.19,62128.0,62224.0,25966.1852,1728259200000
2024-10-08,62224.01,63200.0,61860.31,62160.49,19702.22371,1728345600000
2024-10-09,62160.5,62543.75,60301.0,60636.02,20011.15684,1728432000000
2024-10-10,60636.01,61321.68,58946.0,60326.39,23967.92481,1728518400000
2024-10-11,60326.4,63417.56,60087.64,62540.0,23641.35209,1728604800000
2024-10-12,62539.99,63480.0,62487.23,63206.22,10911.30116,1728691200000
2024-10-13,63206.23,63285.72,62050.0,62870.02,11909.21995,1728777600000
2024-10-14,62870.02,66500.0,62457.81,66083.99,37669.95222,1728864000000
2024-10-15,66084.0,67950.0,64800.01,67074.14,43683.95423,1728950400000
2024-10-16,67074.14,68424.0,66750.49,67620.01,29938.25544,1729036800000
2024-10-17,67620.0,67939.4,66666.0,67421.78,25328.22861,1729123200000
2024-10-18,67421.78,69000.0,67192.36,68428.0,28725.635,1729209600000
2024-10-19,68427.99,68693.26,68010.0,68378.0,8193.66737,1729296000000
2024-10-20,68377.99,69400.0,68100.0,69031.99,12442.47378,1729382400000
2024-10-21,69032.0,69519.52,66840.67,67377.5,31374.42184,1729468800000
2024-10-22,67377.5,67836.01,66571.42,67426.0,24598.96268,1729555200000
2024-10-23,67426.01,67472.83,65260.0,66668.65,25530.2407,1729641600000
2024-10-24,66668.65,68850.0,66510.0,68198.28,22589.83877,1729728000000
2024-10-25,68198.27,68771.49,65596.29,66698.33,34479.71125,1729814400000
2024-10-26,66698.32,67454.55,66439.9,67092.76,11842.9077,1729900800000
2024-10-27,67092.76,68332.05,66913.73,68021.7,8653.19592,1729987200000
2024-10-28,68021.69,70270.0,67618.0,69962.21,29046.75459,1730073600000
2024-10-29,69962.21,73620.12,69760.0,72736.42,50128.60594,1730160000000
2024-10-30,72736.41,72961.0,71436.0,72344.74,26885.99056,1730246400000
2024-10-31,72344.75,72700.0,69685.76,70292.01,29352.10297,1730332800000
2024-11-01,70292.01,71632.95,68820.14,69496.01,38301.86755,1730419200000
2024-11-02,69496.0,69914.37,69000.14,69374.74,10521.67243,1730505600000
2024-11-03,69374.74,69391.0,67478.73,68775.99,24995.70243,1730592000000
2024-11-04,68775.99,69500.0,66835.0,67850.01,29800.39187,1730678400000
2024-11-05,67850.01,70577.91,67476.63,69372.01,33355.06888,1730764800000
2024-11-06,69372.01,76400.0,69298.0,75571.99,104126.994787,1730851200000
2024-11-07,75571.99,76849.99,74416.0,75857.89,44869.422345,1730937600000
2024-11-08,75857.89,77199.99,75555.0,76509.78,36521.099583,1731024000000
2024-11-09,76509.78,76900.0,75714.66,76677.46,16942.07915,1731110400000
2024-11-10,76677.46,81500.0,76492.0,80370.01,61830.100435,1731196800000
2024-11-11,80370.01,89530.54,80216.01,88647.99,82323.665776,1731283200000
2024-11-12,88648.0,89940.0,85072.0,87952.01,97299.887911,1731369600000
2024-11-13,87952.0,93265.64,86127.99,90375.2,86763.854127,1731456000000
2024-11-14,90375.21,91790.0,86668.21,87325.59,56729.51086,1731542400000
2024-11-15,87325.59,91850.0,87073.38,91032.07,47927.95068,1731628800000
2024-11-16,91032.08,91779.66,90056.17,90586.92,22717.87689,1731715200000
2024-11-17,90587.98,91449.99,88722.0,89855.99,23867.55609,1731801600000
2024-11-18,89855.98,92594.0,89376.9,90464.08,46545.03448,1731888000000
2024-11-19,90464.07,93905.51,90357.0,92310.79,43660.04682,1731974400000
2024-11-20,92310.8,94831.97,91500.0,94286.56,42203.198712,1732060800000
2024-11-21,94286.56,98988.0,94040.0,98317.12,69228.360477,1732147200000
2024-11-22,98317.12,99588.01,97122.11,98892.0,46189.309243,1732233600000
2024-11-23,98892.0,98908.85,97136.0,97672.4,24757.84367,1732320000000
2024-11-24,97672.4,98564.0,95734.77,97900.04,31200.97838,1732406400000
2024-11-25,97900.05,98871.8,92600.19,93010.01,50847.45096,1732492800000
2024-11-26,93010.01,94973.37,90791.1,91965.16,57858.73138,1732579200000
2024-11-27,91965.16,97208.21,91792.14,95863.11,41153.42734,1732665600000
2024-11-28,95863.11,96564.0,94640.0,95643.98,28814.54357,1732752000000
2024-11-29,95643.99,98619.99,95364.99,97460.0,27701.78231,1732838400000
2024-11-30,97460.0,97463.95,96092.01,96407.99,14503.83306,1732924800000
2024-12-01,96407.99,97836.0,95693.88,97185.18,16938.60452,1733011200000
2024-12-02,97185.17,98130.0,94395.0,95840.62,37958.66981,1733097600000
2024-12-03,95840.61,96305.52,93578.17,95849.69,35827.32283,1733184000000
2024-12-04,95849.69,99000.0,94587.83,98587.32,43850.53728,1733270400000
2024-12-05,98587.32,104088.0,90500.0,96945.63,109921.729662,1733356800000
2024-12-06,96945.63,101898.99,95981.72,99740.84,45049.5331,1733443200000
2024-12-07,99740.84,100439.18,98844.0,99831.99,14931.9459,1733529600000
2024-12-08,99831.99,101351.0,98657.7,101109.59,14612.99688,1733616000000
2024-12-09,101109.6,101215.93,94150.05,97276.47,53949.11595,1733702400000
2024-12-10,97276.48,98270.0,94256.54,96593.0,51708.68933,1733788800000
2024-12-11,96593.0,101888.0,95658.24,101125.0,37753.78291,1733875200000
2024-12-12,101125.0,102540.0,99311.64,100004.29,29232.08745,1733961600000
2024-12-13,100004.29,101895.26,99205.0,101424.25,21904.03923,1734048000000
2024-12-14,101424.24,102650.0,100609.41,101420.0,14191.70326,1734134400000
2024-12-15,101420.0,105250.0,101237.14,104463.99,22228.921775,1734220800000
2024-12-16,104463.99,107793.07,103333.0,106058.66,41302.40274,1734307200000
2024-12-17,106058.65,108353.0,105321.49,106133.74,29064.936466,1734393600000
2024-12-18,106133.74,106524.98,100000.0,100204.01,50307.99755,1734480000000
2024-12-19,100204.01,102800.11,95700.0,97461.86,55147.398,1734566400000
2024-12-20,97461.86,98233.0,92232.54,97805.44,62884.1357,1734652800000
2024-12-21,97805.44,99540.61,96398.39,97291.99,23483.54143,1734739200000
2024-12-22,97292.0,97448.08,94250.35,95186.27,19353.83036,1734825600000
2024-12-23,95186.28,96538.92,92520.0,94881.47,32810.76703,1734912000000
2024-12-24,94881.47,99487.99,93569.02,98663.58,23674.22488,1734998400000
2024-12-25,98663.58,99569.15,97632.02,99429.6,14474.1651,1735084800000
2024-12-26,99429.61,99963.7,95199.14,95791.6,21192.36727,1735171200000
2024-12-27,95791.6,97544.58,93500.01,94299.03,26501.26429,1735257600000
2024-12-28,94299.03,95733.99,94135.66,95300.0,8385.8929,1735344000000
2024-12-29,95300.0,95340.0,93009.52,93738.2,13576.00578,1735430400000
2024-12-30,93738.19,95024.5,91530.45,92792.05,27619.4225,1735516800000
2024-12-31,92792.05,96250.0,92033.73,93576.0,19612.03389,1735603200000
2025-01-01,93576.0,95151.15,92888.0,94591.79,10373.32613,1735689600000
2025-01-02,94591.78,97839.5,94392.0,96984.79,21970.48948,1735776000000
2025-01-03,96984.79,98976.91,96100.01,98174.18,15253.82936,1735862400000
2025-01-04,98174.17,98778.43,97514.79,98220.5,8990.05651,1735948800000
2025-01-05,98220.51,98836.85,97276.79,98363.61,8095.63723,1736035200000
2025-01-06,98363.61,102480.0,97920.0,102235.6,25263.43375,1736121600000
2025-01-07,102235.6,102724.38,96181.81,96954.61,32059.87537,1736208000000
2025-01-08,96954.6,97268.65,92500.9,95060.61,33704.67894,1736294400000
2025-01-09,95060.61,95382.32,91203.67,92552.49,34544.83685,1736380800000
2025-01-10,92552.49,95836.0,92206.02,94726.11,31482.86424,1736467200000
2025-01-11,94726.1,95050.94,93831.73,94599.99,7047.9043,1736553600000
2025-01-12,94599.99,95450.1,93711.19,94545.06,8606.86622,1736640000000
2025-01-13,94545.07,95940.0,89256.69,94536.1,42619.56423,1736726400000
2025-01-14,94536.11,97371.0,94346.22,96560.86,27846.61753,1736812800000
2025-01-15,96560.85,100681.94,96500.0,100497.35,30509.99179,1736899200000
2025-01-16,100497.35,100866.66,97335.13,99987.3,27832.85317,1736985600000
2025-01-17,99987.3,105865.22,99950.77,104077.48,39171.85292,1737072000000
2025-01-18,104077.47,104988.88,102277.55,104556.23,24307.82998,1737158400000
2025-01-19,104556.23,106422.43,99651.6,101331.57,43397.28298,1737244800000
2025-01-20,101331.57,109588.0,99550.0,102260.01,89529.231732,1737331200000
2025-01-21,102260.0,107240.81,100119.04,106143.82,45941.02002,1737417600000
2025-01-22,106143.82,106394.46,103339.12,103706.66,22248.69254,1737504000000
2025-01-23,103706.66,106850.0,101262.28,103910.34,53953.12031,1737590400000
2025-01-24,103910.35,107120.0,102750.0,104870.5,23609.24017,1737676800000
2025-01-25,104870.51,105286.52,104106.09,104746.85,9068.32377,1737763200000
2025-01-26,104746.86,105500.0,102520.44,102620.0,9812.51238,1737849600000
2025-01-27,102620.01,103260.0,97777.77,102082.83,50758.1341,1737936000000
2025-01-28,102082.83,103800.0,100272.68,101335.52,22022.05765,1738022400000
2025-01-29,101335.52,104782.68,101328.01,103733.24,23155.35802,1738108800000
2025-01-30,103733.25,106457.44,103278.54,104722.94,19374.07472,1738195200000
2025-01-31,104722.94,106012.0,101560.0,102429.56,21983.18193,1738281600000
2025-02-01,102429.56,102783.71,100279.51,100635.65,12290.95747,1738368000000
2025-02-02,100635.66,101456.6,96150.0,97700.59,34619.49939,1738454400000
2025-02-03,97700.59,102500.01,91231.0,101328.52,75164.7385,1738540800000
2025-02-04,101328.51,101732.31,96150.0,97763.13,40267.98697,1738627200000
2025-02-05,97763.14,99149.0,96155.0,96612.43,26233.30444,1738713600000
2025-02-06,96612.44,99120.0,95676.64,96554.35,23515.20405,1738800000000
2025-02-07,96554.35,100137.99,95620.34,96506.8,31794.22065,1738886400000
2025-02-08,96506.8,96880.0,95688.0,96444.74,10147.24294,1738972800000
2025-02-09,96444.75,97323.09,94713.0,96462.75,14120.91613,1739059200000
2025-02-10,96462.75,98345.0,95256.0,97430.82,20572.87537,1739145600000
2025-02-11,97430.82,98478.42,94876.88,95778.2,18647.76379,1739232000000
2025-02-12,95778.21,98119.99,94088.23,97869.99,29151.16625,1739318400000
2025-02-13,97870.0,98083.91,95217.36,96608.14,19921.77616,1739404800000
2025-02-14,96608.13,98826.0,96252.82,97500.48,18173.02646,1739491200000
2025-02-15,97500.47,97972.26,97223.58,97569.66,7349.37683,1739577600000
2025-02-16,97569.67,97704.47,96046.18,96118.12,8191.4249,1739664000000
2025-02-17,96118.12,97046.59,95205.0,95780.0,16492.0451,1739750400000
2025-02-18,95780.01,96753.91,93388.09,95671.74,23368.19471,1739836800000
2025-02-19,95671.74,96899.99,95029.99,96644.37,16438.50954,1739923200000
2025-02-20,96644.37,98711.36,96415.09,98305.0,17057.39177,1740009600000
2025-02-21,98305.01,99475.0,94871.95,96181.98,32249.2814,1740096000000
2025-02-22,96181.99,96980.0,95770.49,96551.01,11268.17708,1740182400000
2025-02-23,96551.01,96650.0,95227.94,96258.0,10884.84913,1740268800000
2025-02-24,96258.0,96500.0,91349.26,91552.88,31550.10299,1740355200000
2025-02-25,91552.88,92540.69,86050.99,88680.4,78333.11111,1740441600000
2025-02-26,88680.39,89414.15,82256.01,84250.09,56893.54409,1740528000000
2025-02-27,84250.09,87078.46,82716.49,84708.58,42505.45439,1740614400000
2025-02-28,84708.57,85120.0,78258.52,84349.94,83648.03969,1740700800000
2025-03-01,84349.95,86558.0,83824.78,86064.53,25785.05464,1740787200000
2025-03-02,86064.54,95000.0,85050.6,94270.0,54889.09045,1740873600000
2025-03-03,94269.99,94416.46,85117.11,86220.61,59171.10218,1740960000000
2025-03-04,86221.16,88967.52,81500.0,87281.98,55609.10706,1741046400000
2025-03-05,87281.98,91000.0,86334.53,90606.01,38264.01163,1741132800000
2025-03-06,90606.0,92810.64,87836.0,89931.89,34342.44902,1741219200000
2025-03-07,89931.88,91283.02,84667.03,86801.75,57980.35713,1741305600000
2025-03-08,86801.74,86897.25,85218.47,86222.45,12989.23054,1741392000000
2025-03-09,86222.46,86500.0,80000.0,80734.37,26115.39345,1741478400000
2025-03-10,80734.48,84123.46,77459.91,78595.86,47633.38405,1741564800000
2025-03-11,78595.86,83617.4,76606.0,82932.99,48770.06853,1741651200000
2025-03-12,82932.99,84539.85,80607.65,83680.12,31933.986,1741737600000
2025-03-13,83680.12,84336.33,79939.9,81115.78,27546.27412,1741824000000
2025-03-14,81115.78,85309.71,80818.84,83983.2,26858.52755,1741910400000
2025-03-15,83983.19,84676.28,83618.0,84338.44,11324.7332,1741996800000
2025-03-16,84338.44,85117.04,81981.12,82574.53,17596.12531,1742083200000
2025-03-17,82574.52,84756.83,82456.0,84010.03,17214.74358,1742169600000
2025-03-18,84010.02,84021.74,81134.66,82715.03,17610.89883,1742256000000
2025-03-19,82715.03,87000.0,82547.16,86845.94,28151.05374,1742342400000
2025-03-20,86845.93,87453.67,83655.23,84223.39,22090.30463,1742428800000
2025-03-21,84223.38,84850.33,83175.25,84088.79,11956.97443,1742515200000
2025-03-22,84088.79,84539.17,83625.1,83840.59,5420.22114,1742601600000
2025-03-23,83840.59,86129.64,83809.75,86082.5,8461.97813,1742688000000
2025-03-24,86082.5,88765.43,85519.09,87498.16,30115.62111,1742774400000
2025-03-25,87498.16,88539.63,86310.0,87392.87,22643.25248,1742860800000
2025-03-26,87392.88,88275.0,85860.0,86909.17,18408.78485,1742947200000
2025-03-27,86909.17,87756.39,85800.0,87232.01,17098.03897,1743033600000
2025-03-28,87232.01,87515.67,83585.0,84424.38,27182.73169,1743120000000
2025-03-29,84424.38,84624.73,81644.81,82648.54,11696.39864,1743206400000
2025-03-30,82648.53,83534.64,81565.0,82389.99,9864.49508,1743292800000
2025-03-31,82390.0,83943.08,81278.52,82550.01,20569.13885,1743379200000
2025-04-01,82550.0,85579.46,82432.74,85158.34,20190.39697,1743465600000
2025-04-02,85158.35,88500.0,82320.0,82516.29,39931.457,1743552000000
2025-04-03,82516.28,83998.02,81211.24,83213.09,27337.84135,1743638400000
2025-04-04,83213.09,84720.0,81659.0,83889.87,32915.53976,1743724800000
2025-04-05,83889.87,84266.0,82379.95,83537.99,9360.40468,1743811200000
2025-04-06,83537.99,83817.63,77153.83,78430.0,27942.71436,1743897600000
2025-04-07,78430.0,81243.58,74508.0,79163.24,78387.53089,1743984000000
2025-04-08,79163.24,80867.99,76239.9,76322.42,35317.32063,1744070400000
2025-04-09,76322.42,83588.0,74620.0,82615.22,75488.28772,1744156800000
2025-04-10,82615.22,82753.21,78464.36,79607.3,33284.80718,1744243200000
2025-04-11,79607.3,84300.0,78969.58,83423.84,34435.43797,1744329600000
2025-04-12,83423.83,85905.0,82792.95,85276.9,18470.74437,1744416000000
2025-04-13,85276.91,86100.0,83034.23,83760.0,24680.04181,1744502400000
2025-04-14,83760.0,85799.99,83678.0,84591.58,28659.09348,1744588800000
2025-04-15,84591.58,86496.42,83600.0,83643.99,20910.99528,1744675200000
2025-04-16,83643.99,85500.0,83111.64,84030.38,20867.24519,1744761600000
2025-04-17,84030.38,85470.01,83736.26,84947.91,13728.84772,1744848000000
2025-04-18,84947.92,85132.08,84303.96,84474.69,6529.96315,1744934400000
2025-04-19,84474.7,85677.99,84364.45,85077.01,9666.58153,1745020800000
2025-04-20,85077.0,85320.76,83949.52,85179.24,8091.67725,1745107200000
2025-04-21,85179.24,88465.99,85144.76,87516.23,31773.37262,1745193600000
2025-04-22,87516.22,93888.0,87076.03,93442.99,43872.74705,1745280000000
2025-04-23,93442.99,94696.05,91935.41,93691.08,27404.16808,1745366400000
2025-04-24,93691.07,94005.0,91660.01,93980.47,19497.06071,1745452800000
2025-04-25,93980.47,95758.04,92855.96,94638.68,27500.66648,1745539200000
2025-04-26,94638.68,95199.0,93870.69,94628.0,9415.06875,1745625600000
2025-04-27,94628.0,95369.0,93602.58,93749.3,11162.841,1745712000000
2025-04-28,93749.29,95630.0,92800.01,95011.18,22157.53351,1745798400000
2025-04-29,95011.18,95461.53,93742.54,94256.82,16955.3402,1745884800000
2025-04-30,94256.82,95228.45,92910.0,94172.0,17661.2751,1745971200000
2025-05-01,94172.0,97424.02,94130.43,96489.91,21380.45343,1746057600000
2025-05-02,96489.9,97895.68,96350.0,96887.14,14905.74811,1746144000000
2025-05-03,96887.13,96935.67,95753.01,95856.42,9723.34838,1746230400000
2025-05-04,95856.42,96304.48,94151.38,94277.62,11036.38342,1746316800000
2025-05-05,94277.61,95199.0,93514.1,94733.68,17251.18189,1746403200000
2025-05-06,94733.68,96920.65,93377.0,96834.02,16122.64513,1746489600000
2025-05-07,96834.02,97732.0,95784.61,97030.5,16644.83854,1746576000000
2025-05-08,97030.5,104145.76,96876.29,103261.6,34962.02847,1746662400000
2025-05-09,103261.61,104361.3,102315.14,102971.99,27617.39907,1746748800000
2025-05-10,102971.99,104984.57,102818.76,104809.53,15324.78611,1746835200000
2025-05-11,104809.53,104972.0,103345.06,104118.0,17987.12197,1746921600000
2025-05-12,104118.0,105819.45,100718.37,102791.32,31272.77792,1747008000000
2025-05-13,102791.32,104976.25,101429.7,104103.72,21253.42409,1747094400000
2025-05-14,104103.72,104356.95,102602.05,103507.82,16452.9081,1747180800000
2025-05-15,103507.83,104192.7,101383.07,103763.71,17998.98604,1747267200000
2025-05-16,103763.71,104550.33,103100.49,103463.9,15683.88024,1747353600000
2025-05-17,103463.9,103709.86,102612.5,103126.65,11250.89622,1747440000000
2025-05-18,103126.65,106660.0,103105.09,106454.26,21599.98726,1747526400000
2025-05-19,106454.27,107108.62,102000.0,105573.74,30260.03524,1747612800000
2025-05-20,105573.73,107320.0,104184.72,106849.99,23705.48275,1747699200000
2025-05-21,106850.0,110797.38,106100.01,109643.99,45531.040345,1747785600000
2025-05-22,109643.99,111980.0,109177.37,111696.21,31630.77313,1747872000000
2025-05-23,111696.22,111800.0,106800.0,107318.3,31737.72309,1747958400000
2025-05-24,107318.3,109506.03,106875.41,107761.91,16782.53129,1748044800000
2025-05-25,107761.9,109299.99,106600.64,109004.19,17710.04695,1748131200000
2025-05-26,109004.2,110422.22,108670.58,109434.79,14649.11593,1748217600000
2025-05-27,109434.78,110718.0,107516.57,108938.17,21276.65635,1748304000000
2025-05-28,108938.17,109284.7,106769.43,107781.78,15633.78829,1748390400000
2025-05-29,107781.78,108891.91,105322.86,105589.75,19834.70116,1748476800000
2025-05-30,105589.75,106313.12,103621.0,103985.48,23706.49799,1748563200000
2025-05-31,103985.47,104900.0,103068.55,104591.88,11289.35922,1748649600000
2025-06-01,104591.88,105866.91,103752.49,105642.93,9709.70006,1748736000000
2025-06-02,105642.93,105935.63,103659.88,105857.99,13453.98813,1748822400000
2025-06-03,105858.0,106794.67,104872.5,105376.89,13259.52634,1748908800000
2025-06-04,105376.9,106000.0,104179.0,104696.86,14034.89482,1748995200000
2025-06-05,104696.86,105909.71,100372.26,101508.68,22321.50154,1749081600000
2025-06-06,101508.69,105333.0,101095.8,104288.44,15839.07385,1749168000000
2025-06-07,104288.43,105900.0,103871.09,105552.15,8344.93206,1749254400000
2025-06-08,105552.15,106488.14,104964.14,105734.0,8048.06305,1749340800000
2025-06-09,105734.01,110530.17,105318.37,110263.02,19975.37451,1749427200000
2025-06-10,110263.02,110400.0,108331.03,110274.39,17071.82839,1749513600000
2025-06-11,110274.39,110392.01,108064.0,108645.12,13115.91638,1749600000000
2025-06-12,108645.13,108813.55,105671.72,105671.73,17778.67218,1749686400000
2025-06-13,105671.74,106179.53,102664.31,106066.59,26180.81734,1749772800000
2025-06-14,106066.59,106252.0,104300.0,105414.64,8798.93969,1749859200000
2025-06-15,105414.63,106128.57,104494.53,105594.01,7164.20047,1749945600000
2025-06-16,105594.02,108952.38,104980.37,106794.53,14922.6654,1750032000000
2025-06-17,106794.53,107771.34,103371.02,104551.17,17866.33025,1750118400000
2025-06-18,104551.17,105550.27,103500.0,104886.78,13968.64167,1750204800000
2025-06-19,104886.79,105226.17,103929.27,104658.59,7678.60737,1750291200000
2025-06-20,104658.59,106524.65,102345.0,103297.99,16419.06283,1750377600000
2025-06-21,103297.98,103982.64,100837.9,102120.01,11154.21332,1750464000000
2025-06-22,102120.02,103399.62,98200.0,100963.87,28746.41072,1750550400000
2025-06-23,100963.87,106074.2,99613.33,105333.93,27666.50609,1750636800000
2025-06-24,105333.94,106290.0,104622.02,106083.0,14651.69335,1750723200000
2025-06-25,106083.0,108135.3,105808.03,107340.58,16701.15551,1750809600000
2025-06-26,107340.59,108272.45,106562.5,106947.06,10573.27279,1750896000000
2025-06-27,106947.06,107735.34,106356.76,107047.59,12232.44042,1750982400000
2025-06-28,107047.58,107577.75,106811.51,107296.79,3282.17352,1751068800000
2025-06-29,107296.79,108528.5,107172.52,108356.93,6831.7364,1751155200000
2025-06-30,108356.93,108789.99,106733.33,107146.5,9754.12491,1751241600000
2025-07-01,107146.51,107540.0,105250.85,105681.14,10505.62437,1751328000000
2025-07-02,105681.13,109730.0,105100.19,108849.6,17691.89592,1751414400000
2025-07-03,108849.59,110529.18,108530.4,109584.78,13047.08225,1751500800000
2025-07-04,109584.77,109767.59,107245.0,107984.24,11793.86615,1751587200000
2025-07-05,107984.25,108420.56,107756.31,108198.12,3736.9757,1751673600000
2025-07-06,108198.12,109700.0,107800.01,109203.84,6447.607,1751760000000
2025-07-07,109203.85,109700.0,107513.2,108262.94,9405.37601,1751846400000
2025-07-08,108262.94,109216.56,107429.57,108922.98,9216.0208,1751932800000
2025-07-09,108922.99,111999.79,108324.53,111233.99,17282.2865,1752019200000
2025-07-10,111234.0,116868.0,110500.0,116010.0,24883.450665,1752105600000
2025-07-11,116010.01,118869.98,115222.22,117527.66,25873.521148,1752192000000
2025-07-12,117527.66,118200.0,116900.05,117420.0,8446.60437,1752278400000
2025-07-13,117420.0,119488.0,117224.79,119086.64,9550.792947,1752364800000
2025-07-14,119086.65,123218.0,118905.18,119841.18,27269.348877,1752451200000
2025-07-15,119841.17,119940.83,115736.92,117758.09,32018.46083,1752537600000
2025-07-16,117758.08,120063.84,117017.29,118630.43,17039.90851,1752624000000
2025-07-17,118630.44,120998.71,117453.57,119177.56,15728.57651,1752710400000
2025-07-18,119177.56,120820.71,116812.76,117924.84,19924.66266,1752796800000
2025-07-19,117924.84,118499.9,117277.34,117840.0,6635.80306,1752883200000
2025-07-20,117840.01,118856.8,116467.02,117265.12,12962.92889,1752969600000
2025-07-21,117265.11,119676.73,116515.0,117380.36,17107.33128,1753056000000
2025-07-22,117380.36,120247.8,116128.0,119954.42,20959.12973,1753142400000
2025-07-23,119954.43,120090.0,117301.0,118755.99,14558.75083,1753228800000
2025-07-24,118756.0,119450.0,117103.1,118340.99,15806.89043,1753315200000
2025-07-25,118340.98,118451.57,114723.16,117614.31,38406.34873,1753401600000
2025-07-26,117614.31,118297.35,117138.38,117919.99,6991.67206,1753488000000
2025-07-27,117919.99,119766.65,117825.5,119415.55,9328.30919,1753574400000
2025-07-28,119415.56,119800.0,117427.5,118062.32,13961.74754,1753660800000
2025-07-29,118062.32,119273.36,116950.75,117950.76,15137.93445,1753747200000
2025-07-30,117950.75,118792.0,115796.23,117840.3,15586.73631,1753833600000
2025-07-31,117840.29,118922.45,115500.0,115764.08,17010.0073,1753920000000
2025-08-01,115764.07,116052.0,112722.58,113297.93,24487.10206,1754006400000
2025-08-02,113297.92,114063.49,112003.0,112546.35,11507.33428,1754092800000
2025-08-03,112546.35,114799.97,111920.0,114208.8,7397.76046,1754179200000
2025-08-04,114208.81,115720.0,114107.6,115055.03,9667.67916,1754265600000
2025-08-05,115055.03,115127.81,112650.0,114129.75,12042.79078,1754352000000
2025-08-06,114129.75,115716.0,113355.13,114992.27,9761.15318,1754438400000
2025-08-07,114992.27,117621.0,114259.0,117472.01,13468.56263,1754524800000
2025-08-08,117472.02,117630.0,115878.71,116674.74,10045.31278,1754611200000
2025-08-09,116674.74,117944.05,116299.13,116462.25,9514.13144,1754697600000
2025-08-10,116462.25,119311.11,116460.63,119294.01,14322.77073,1754784000000
2025-08-11,119294.27,122335.16,118050.11,118686.0,26494.33429,1754870400000
2025-08-12,118686.0,120324.43,118207.47,120134.08,16720.10893,1754956800000
2025-08-13,120134.09,123667.79,118920.92,123306.43,23210.07102,1755043200000
2025-08-14,123306.44,124474.0,117180.0,118295.09,27980.947586,1755129600000
2025-08-15,118295.09,119216.82,116803.99,117342.05,13623.33874,1755216000000
2025-08-16,117342.04,117898.99,117143.98,117380.66,6393.68117,1755302400000
2025-08-17,117380.66,118575.0,117172.21,117405.01,5898.64192,1755388800000
2025-08-18,117405.01,117543.75,114640.14,116227.05,17745.93954,1755475200000
2025-08-19,116227.05,116725.69,112732.58,112872.94,18065.47424,1755561600000
2025-08-20,112872.95,114615.38,112380.0,114271.24,15636.34194,1755648000000
2025-08-21,114271.23,114821.76,112015.67,112500.0,10839.69235,1755734400000
2025-08-22,112500.0,117429.05,111684.79,116935.99,23128.09037,1755820800000
2025-08-23,116936.0,117030.0,114560.0,115438.05,11329.36197,1755907200000
2025-08-24,115438.06,115666.68,110680.0,113493.59,21175.98462,1755993600000
2025-08-25,113493.59,113667.28,109274.1,110111.98,25182.79379,1756080000000
2025-08-26,110111.98,112371.0,108666.66,111763.22,18452.43877,1756166400000
2025-08-27,111763.22,112625.0,110345.42,111262.01,13392.60875,1756252800000
2025-08-28,111262.01,113485.9,110862.42,112566.9,11104.27744,1756339200000
2025-08-29,112566.9,112638.64,107463.9,108377.4,22580.31045,1756425600000
2025-08-30,108377.4,108926.15,107350.1,108816.33,10708.39159,1756512000000
2025-08-31,108816.33,109480.02,108076.93,108246.35,9489.51596,1756598400000
2025-09-01,108246.36,109912.4,107255.0,109237.42,16053.60219,1756684800000
2025-09-02,109237.43,111771.52,108393.39,111240.01,18510.28756,1756771200000
2025-09-03,111240.01,112575.27,110528.71,111705.71,11773.72084,1756857600000
2025-09-04,111705.72,112180.0,109329.12,110730.87,12203.13536,1756944000000
2025-09-05,110730.87,113384.62,110206.96,110659.99,21587.40888,1757030400000
2025-09-06,110660.0,111307.7,109977.0,110187.97,5000.29897,1757116800000
2025-09-07,110187.98,111600.0,110180.0,111137.34,5681.29944,1757203200000
2025-09-08,111137.35,112924.37,110621.78,112065.23,11582.40211,1757289600000
2025-09-09,112065.23,113293.29,110766.66,111546.39,15379.28248,1757376000000
2025-09-10,111546.38,114313.13,110917.45,113960.0,17517.41823,1757462400000
2025-09-11,113960.0,115488.09,113430.0,115482.69,13676.73119,1757548800000
2025-09-12,115482.69,116665.63,114740.99,116029.42,15324.10719,1757635200000
2025-09-13,116029.41,116298.78,115127.27,115918.29,8269.40394,1757721600000
2025-09-14,115918.29,116165.19,115135.0,115268.01,6707.60197,1757808000000
2025-09-15,115268.01,116757.99,114384.0,115349.71,13212.51149,1757894400000
2025-09-16,115349.71,116964.27,114737.11,116788.96,10926.9094,1757980800000
2025-09-17,116788.96,117286.73,114720.81,116447.59,16754.2454,1758067200000
2025-09-18,116447.6,117900.0,116092.76,117073.53,11657.23365,1758153600000
2025-09-19,117073.53,117459.99,115100.0,115632.38,8992.09065,1758240000000
2025-09-20,115632.39,116121.81,115408.47,115685.63,4674.92752,1758326400000
2025-09-21,115685.63,115819.06,115188.0,115232.29,4511.52219,1758412800000
2025-09-22,115232.29,115379.25,111800.0,112650.99,20781.71356,1758499200000
2025-09-23,112650.99,113290.5,111458.73,111998.8,12301.3203,1758585600000
2025-09-24,111998.8,113940.0,111042.66,113307.0,12369.25967,1758672000000
2025-09-25,113307.01,113510.23,108631.51,108994.49,21231.14957,1758758400000
2025-09-26,108994.49,110300.0,108620.07,109643.46,14243.01591,1758844800000
2025-09-27,109643.46,109743.91,109064.4,109635.85,5501.78643,1758931200000
2025-09-28,109635.85,112350.0,109189.99,112163.95,7542.3316,1759017600000
2025-09-29,112163.96,114400.0,111560.65,114311.96,15541.12005,1759104000000
2025-09-30,114311.97,114792.0,112656.27,114048.93,15044.15633,1759190400000
2025-10-01,114048.94,118649.1,113966.67,118594.99,20036.39516,1759276800000
2025-10-02,118594.99,121022.07,118279.31,120529.35,19670.83503,1759363200000
2025-10-03,120529.35,123894.99,119248.3,122232.0,23936.328,1759449600000
2025-10-04,122232.21,122800.0,121510.0,122391.0,8208.16678,1759536000000
2025-10-05,122390.99,125708.42,122136.0,123482.31,22043.097553,1759622400000
2025-10-06,123482.32,126199.63,123084.0,124658.54,19494.628793,1759708800000
2025-10-07,124658.54,125126.0,120574.94,121332.95,21633.99385,1759795200000
2025-10-08,121332.96,124197.25,121066.14,123306.0,17012.618,1759881600000
2025-10-09,123306.01,123762.94,119651.47,121662.4,21559.36007,1759968000000
2025-10-10,121662.41,122550.0,102000.0,112774.5,64171.93927,1760054400000
2025-10-11,112774.49,113322.39,109561.59,110644.4,35448.51652,1760140800000
2025-10-12,110644.4,115770.0,109565.06,114958.8,32255.30272,1760227200000
2025-10-13,114958.81,115963.81,113616.5,115166.0,22557.24033,1760313600000
2025-10-14,115166.0,115409.96,109866.0,113028.14,31870.32974,1760400000000
2025-10-15,113028.13,113612.35,110164.0,110763.28,22986.48811,1760486400000
2025-10-16,110763.28,111982.45,107427.0,108194.28,29857.17252,1760572800000
2025-10-17,108194.27,109240.0,103528.23,106431.68,37920.66838,1760659200000
2025-10-18,106431.68,107499.0,106322.2,107185.01,11123.18766,1760745600000
2025-10-19,107185.0,109450.07,106103.36,108642.78,15480.66423,1760832000000
2025-10-20,108642.77,111705.56,107402.52,110532.09,19193.4416,1760918400000
2025-10-21,110532.09,114000.0,107473.72,108297.67,37228.01659,1761004800000
2025-10-22,108297.66,109163.88,106666.69,107567.44,28610.78451,1761091200000
2025-10-23,107567.45,111293.61,107500.0,110078.18,17573.09294,1761177600000
2025-10-24,110078.19,112104.98,109700.01,111004.89,15005.16913,1761264000000
2025-10-25,111004.9,111943.19,110672.86,111646.27,6407.96864,1761350400000
2025-10-26,111646.27,115466.8,111260.45,114559.4,13454.47737,1761436800000
2025-10-27,114559.41,116400.0,113830.01,114107.65,21450.23241,1761523200000
2025-10-28,114107.65,116086.0,112211.0,112898.45,15523.42257,1761609600000
2025-10-29,112898.44,113643.73,109200.0,110021.29,21079.71376,1761696000000
2025-10-30,110021.3,111592.0,106304.34,108322.88,25988.82838,1761782400000
2025-10-31,108322.87,111190.0,108275.28,109608.01,21518.20439,1761868800000
2025-11-01,109608.01,110564.49,109394.81,110098.1,7378.50431,1761955200000
2025-11-02,110098.1,111250.01,109471.34,110540.68,12107.00087,1762041600000
2025-11-03,110540.69,110750.0,105306.56,106583.04,28681.18779,1762128000000
2025-11-04,106583.05,107299.0,98944.36,101497.22,50534.87376,1762214400000
2025-11-05,101497.23,104534.74,98966.8,103885.16,33778.77571,1762300800000
2025-11-06,103885.16,104200.0,100300.95,101346.04,25814.62139,1762387200000
2025-11-07,101346.04,104096.36,99260.86,103339.08,32059.50942,1762473600000
2025-11-08,103339.09,103406.22,101454.0,102312.94,12390.77985,1762560000000
2025-11-09,102312.95,102337.89,101400.0,101934.38,2884.80802,1762646400000
2025-11-10,104722.95,106670.11,104265.02,106200.0,7850.87552,1762732800000
2025-11-11,106011.13,107277.89,105500.0,107227.01,1205.22996,1762819200000
2025-11-12,103059.0,105333.33,102687.72,104842.43,9228.71291,1762905600000
